timeline,label,start,end,notes
Popes,Pope Martin V,1417,1431
Popes,Pope Eugene IV,1431,1447
Popes,Pope Nicholas V,1447,1455
Popes,Pope Callixtus III,1455,1458
Popes,Pope Pius II,1458,1464
Popes,Pope Paul II,1464,1471
Popes,Pope Sixtus IV,1471,1484
Popes,Pope Innocent VIII,1484,1492
Popes,Pope Alexander VI,1492,1503
Popes,Pope Pius III,1503,1503.5
Popes,Pope Julius II,1503.5,1513.5
Popes,Pope Leo X,1513.5,1521
Popes,Pope Adrian VI,1522,1523.5
Popes,Pope Clement VII,1523.5,1534.5
Popes,Pope Paul III,1534.5,1549
Popes,Pope Julius III,1550,1555
Popes,Pope Marcellus II,1555,1555.5
Popes,Pope Paul IV,1555.5,1559
ExternalEvents,Printing Press,1440
ItalianWars,First Italian War,1494,1498 
ItalianWars,Second Italian War,1499,1501
ItalianWars,Third Italian War,1502,1504
ItalianWars,Fourth Italian War,1508,1516
ItalianWars,Fifth Italian War,1521,1526
ItalianWars,Sixth Italian War,1526,1530
ItalianWars,Seventh Italian War,1536,1538
ItalianWars,Eighth Italian War,1542,1546
ItalianWars,Ninth Italian War,1551,1559
